,Restaurants (restaurants)restaurants,Afghan (afghani)restaurants,African (african)african,Senegalese (senegalese)african,South African (southafrican)restaurants,American (New) (newamerican)restaurants,American (Traditional) (tradamerican)restaurants,Arabian (arabian)restaurants,Argentine (argentine)restaurants,Armenian (armenian)restaurants,Asian Fusion (asianfusion)restaurants,Australian (australian)restaurants,Austrian (austrian)restaurants,Bangladeshi (bangladeshi)restaurants,Barbeque (bbq)restaurants,Basque (basque)restaurants,Belgian (belgian)restaurants,Brasseries (brasseries)restaurants,Brazilian (brazilian)restaurants,Breakfast & Brunch (breakfast_brunch)restaurants,British (british)restaurants,Buffets (buffets)restaurants,Burgers (burgers)restaurants,Burmese (burmese)restaurants,Cafes (cafes)restaurants,Cafeteria (cafeteria)restaurants,Cajun/Creole (cajun)restaurants,Cambodian (cambodian)restaurants,Caribbean (caribbean)caribbean,Dominican (dominican)caribbean,Haitian (haitian)caribbean,Puerto Rican (puertorican)caribbean,Trinidadian (trinidadian)restaurants,Catalan (catalan)restaurants,Cheesesteaks (cheesesteaks)restaurants,Chicken Wings (chicken_wings)restaurants,Chinese (chinese)chinese,Cantonese (cantonese)chinese,Dim Sum (dimsum)chinese,Shanghainese (shanghainese)chinese,Szechuan (szechuan)restaurants,Comfort Food (comfortfood)restaurants,Creperies (creperies)restaurants,Cuban (cuban)restaurants,Czech (czech)restaurants,Delis (delis)restaurants,Diners (diners)restaurants,Ethiopian (ethiopian)restaurants,Fast Food (hotdogs)restaurants,Filipino (filipino)restaurants,Fish & Chips (fishnchips)restaurants,Fondue (fondue)restaurants,Food Court (food_court)restaurants,Food Stands (foodstands)restaurants,French (french)restaurants,Gastropubs (gastropubs)restaurants,German (german)restaurants,Gluten-Free (gluten_free)restaurants,Greek (greek)restaurants,Halal (halal)restaurants,Hawaiian (hawaiian)restaurants,Himalayan/Nepalese (himalayan)restaurants,Hot Dogs (hotdog)restaurants,Hot Pot (hotpot)restaurants,Hungarian (hungarian)restaurants,Iberian (iberian)restaurants,Indian (indpak)restaurants,Indonesian (indonesian)restaurants,Irish (irish)restaurants,Italian (italian)restaurants,Japanese (japanese)restaurants,Korean (korean)restaurants,Kosher (kosher)restaurants,Laotian (laotian)restaurants,Latin American (latin)latin,Colombian (colombian)latin,Salvadoran (salvadoran)latin,Venezuelan (venezuelan)restaurants,Live/Raw Food (raw_food)restaurants,Malaysian (malaysian)restaurants,Mediterranean (mediterranean)mediterranean,Falafel (falafel)restaurants,Mexican (mexican)restaurants,Middle Eastern (mideastern)mideastern,Egyptian (egyptian)mideastern,Lebanese (lebanese)restaurants,Modern European (modern_european)restaurants,Mongolian (mongolian)restaurants,Moroccan (moroccan)restaurants,Pakistani (pakistani)restaurants,Persian/Iranian (persian)restaurants,Peruvian (peruvian)restaurants,Pizza (pizza)restaurants,Polish (polish)restaurants,Portuguese (portuguese)restaurants,Russian (russian)restaurants,Salad (salad)restaurants,Sandwiches (sandwiches)restaurants,Scandinavian (scandinavian)restaurants,Scottish (scottish)restaurants,Seafood (seafood)restaurants,Singaporean (singaporean)restaurants,Slovakian (slovakian)restaurants,Soul Food (soulfood)restaurants,Soup (soup)restaurants,Southern (southern)restaurants,Spanish (spanish)restaurants,Steakhouses (steak)restaurants,Sushi Bars (sushi)restaurants,Taiwanese (taiwanese)restaurants,Tapas Bars (tapas)restaurants,Tapas/Small Plates (tapasmallplates)restaurants,Tex-Mex (tex-mex)restaurants,Thai (thai)restaurants,Turkish (turkish)restaurants,Ukrainian (ukrainian)restaurants,Vegan (vegan)restaurants,Vegetarian (vegetarian)restaurants,Vietnamese (vietnamese),Food (food)food,Bagels (bagels)food,Bakeries (bakeries)food,"Beer, Wine & Spirits (beer_and_wine)"food,Breweries (breweries)food,Bubble Tea (bubbletea)food,Butcher (butcher)food,CSA (csa)food,Coffee & Tea (coffee)food,Convenience Stores (convenience)food,Cupcakes (cupcakes)food,Desserts (desserts)food,Distilleries (distilleries)food,Do-It-Yourself Food (diyfood)food,Donuts (donuts)food,Farmers Market (farmersmarket)food,Food Delivery Services (fooddeliveryservices)food,Food Trucks (foodtrucks)food,Gelato (gelato)food,Grocery (grocery)food,Ice Cream & Frozen Yogurt (icecream)food,Internet Cafes (internetcafe)food,Juice Bars & Smoothies (juicebars)food,Pretzels (pretzels)food,Shaved Ice (shavedice)food,Specialty Food (gourmet)gourmet,Candy Stores (candy)gourmet,Cheese Shops (cheese)gourmet,Chocolatiers & Shops (chocolate)gourmet,Ethnic Food (ethnicmarkets)gourmet,Fruits & Veggies (markets)gourmet,Health Markets (healthmarkets)gourmet,Herbs & Spices (herbsandspices)gourmet,Meat Shops (meats)gourmet,Seafood Markets (seafoodmarkets)food,Street Vendors (streetvendors)food,Tea Rooms (tea)food,Wineries (wineries),Active Life (active)active,Amateur Sports Teams (amateursportsteams)active,Amusement Parks (amusementparks)active,Aquariums (aquariums)active,Archery (archery)active,Badminton (badminton)active,Basketball Courts (basketballcourts)active,Beaches (beaches)active,Bike Rentals (bikerentals)active,Boating (boating)active,Bowling (bowling)active,Challenge Courses (challengecourses)active,Climbing (climbing)active,Cycling Classes (cyclingclasses)active,Day Camps (daycamps)active,Disc Golf (discgolf)active,Diving (diving)diving,Free Diving (freediving)diving,Scuba Diving (scuba)active,Fishing (fishing)active,Fitness & Instruction (fitness)fitness,Barre Classes (barreclasses)fitness,Boot Camps (bootcamps)fitness,Boxing (boxing)fitness,Dance Studios (dancestudio)fitness,Gyms (gyms)fitness,Martial Arts (martialarts)fitness,Meditation Centers (meditationcenters)fitness,Pilates (pilates)fitness,Swimming Lessons/Schools (swimminglessons)fitness,Tai Chi (taichi)fitness,Trainers (healthtrainers)fitness,Yoga (yoga)active,Go Karts (gokarts)active,Golf (golf)active,Gun/Rifle Ranges (gun_ranges)active,Gymnastics (gymnastics)active,Hang Gliding (hanggliding)active,Hiking (hiking)active,Horse Racing (horseracing)active,Horseback Riding (horsebackriding)active,Hot Air Balloons (hot_air_balloons)active,Kiteboarding (kiteboarding)active,Lakes (lakes)active,Laser Tag (lasertag)active,Leisure Centers (leisure_centers)active,Mini Golf (mini_golf)active,Mountain Biking (mountainbiking)active,Paddleboarding (paddleboarding)active,Paintball (paintball)active,Parks (parks)parks,Dog Parks (dog_parks)parks,Skate Parks (skate_parks)active,Playgrounds (playgrounds)active,Rafting/Kayaking (rafting)active,Recreation Centers (recreation)active,Rock Climbing (rock_climbing)active,Skating Rinks (skatingrinks)active,Skydiving (skydiving)active,Sledding (sledding)active,Soccer (football)active,Spin Classes (spinclasses)active,Sports Clubs (sports_clubs)active,Squash (squash)active,Summer Camps (summer_camps)active,Surfing (surfing)active,Swimming Pools (swimmingpools)active,Tennis (tennis)active,Trampoline Parks (trampoline)active,Tubing (tubing)active,Zoos (zoos),Arts & Entertainment (arts)arts,Arcades (arcades)arts,Art Galleries (galleries)arts,Botanical Gardens (gardens)arts,Cabaret (cabaret)arts,Casinos (casinos)arts,Cinema (movietheaters)arts,Cultural Center (culturalcenter)arts,Festivals (festivals)arts,Jazz & Blues (jazzandblues)arts,Museums (museums)arts,Music Venues (musicvenues)arts,Opera & Ballet (opera)arts,Performing Arts (theater)arts,Professional Sports Teams (sportsteams)arts,Psychics & Astrologers (psychic_astrology)arts,Race Tracks (racetracks)arts,Social Clubs (social_clubs)arts,Stadiums & Arenas (stadiumsarenas)arts,Ticket Sales (ticketsales)arts,Wineries (wineries),Automotive (auto)auto,Aircraft Dealers (aircraftdealers)auto,Auto Customization (autocustomization)auto,Auto Detailing (auto_detailing)auto,Auto Glass Services (autoglass)auto,Auto Loan Providers (autoloanproviders)auto,Auto Parts & Supplies (autopartssupplies)auto,Auto Repair (autorepair)auto,Boat Dealers (boatdealers)auto,Body Shops (bodyshops)auto,Car Dealers (car_dealers)auto,Car Stereo Installation (stereo_installation)auto,Car Wash (carwash)auto,Gas & Service Stations (servicestations)auto,Motorcycle Dealers (motorcycledealers)auto,Motorcycle Repair (motorcyclerepair)auto,Oil Change Stations (oilchange)auto,Parking (parking)auto,RV Dealers (rv_dealers)auto,Registration Services (registrationservices)auto,Smog Check Stations (smog_check_stations)auto,Tires (tires)auto,Towing (towing)auto,Truck Rental (truck_rental)auto,Wheel & Rim Repair (wheelrimrepair)auto,Windshield Installation & Repair (windshieldinstallrepair),Beauty & Spas (beautysvc)beautysvc,Barbers (barbers)beautysvc,Cosmetics & Beauty Supply (cosmetics)beautysvc,Day Spas (spas)beautysvc,Eyelash Service (eyelashservice)beautysvc,Hair Extensions (hair_extensions)beautysvc,Hair Removal (hairremoval)hairremoval,Laser Hair Removal (laser_hair_removal)beautysvc,Hair Salons (hair)hair,Blow Dry/Out Services (blowoutservices)hair,Hair Extensions (hair_extensions)hair,Hair Stylists (hairstylists)hair,Men's Hair Salons (menshair)beautysvc,Makeup Artists (makeupartists)beautysvc,Massage (massage)beautysvc,Medical Spas (medicalspa)beautysvc,Nail Salons (othersalons)beautysvc,Permanent Makeup (permanentmakeup)beautysvc,Piercing (piercing)beautysvc,Rolfing (rolfing)beautysvc,Skin Care (skincare)beautysvc,Tanning (tanning)tanning,Spray Tanning (spraytanning)tanning,Tanning Beds (tanningbeds)beautysvc,Tattoo (tattoo),Education (education)education,Adult Education (adultedu)education,Art Classes (artclasses)education,College Counseling (collegecounseling)education,Colleges & Universities (collegeuniv)education,Educational Services (educationservices)education,Elementary Schools (elementaryschools)education,Middle Schools & High Schools (highschools)education,Preschools (preschools)education,Private Tutors (privatetutors)education,Religious Schools (religiousschools)education,Special Education (specialed)education,Specialty Schools (specialtyschools)specialtyschools,Art Schools (artschools)specialtyschools,CPR Classes (cprclasses)specialtyschools,Cooking Schools (cookingschools)specialtyschools,Cosmetology Schools (cosmetology_schools)specialtyschools,Dance Schools (dance_schools)specialtyschools,Driving Schools (driving_schools)specialtyschools,First Aid Classes (firstaidclasses)specialtyschools,Flight Instruction (flightinstruction)specialtyschools,Food Safety Training (foodsafety)specialtyschools,Language Schools (language_schools)specialtyschools,Massage Schools (massage_schools)specialtyschools,Swimming Lessons/Schools (swimminglessons)specialtyschools,Vocational & Technical School (vocation)education,Test Preparation (testprep)education,Tutoring Centers (tutoring),Event Planning & Services (eventservices)eventservices,Bartenders (bartenders)eventservices,Boat Charters (boatcharters)eventservices,Cards & Stationery (stationery)eventservices,Caterers (catering)eventservices,Clowns (clowns)eventservices,DJs (djs)eventservices,Hotels (hotels)eventservices,Magicians (magicians)eventservices,Musicians (musicians)eventservices,Officiants (officiants)eventservices,Party & Event Planning (eventplanning)eventservices,Party Bus Rentals (partybusrentals)eventservices,Party Equipment Rentals (partyequipmentrentals)eventservices,Party Supplies (partysupplies)eventservices,Personal Chefs (personalchefs)eventservices,Photo Booth Rentals (photoboothrentals)eventservices,Photographers (photographers)photographers,Event Photography (eventphotography)photographers,Session Photography (sessionphotography)eventservices,Venues & Event Spaces (venues)eventservices,Videographers (videographers)eventservices,Wedding Planning (wedding_planning),Financial Services (financialservices)financialservices,Banks & Credit Unions (banks)financialservices,Check Cashing/Pay-day Loans (paydayloans)financialservices,Financial Advising (financialadvising)financialservices,Insurance (insurance)financialservices,Investing (investing)financialservices,Tax Services (taxservices),Health & Medical (health)health,Acupuncture (acupuncture)health,Cannabis Clinics (cannabis_clinics)health,Chiropractors (chiropractors)health,Counseling & Mental Health (c_and_mh)c_and_mh,Psychologists (psychologists)health,Dentists (dentists)dentists,Cosmetic Dentists (cosmeticdentists)dentists,Endodontists (endodontists)dentists,General Dentistry (generaldentistry)dentists,Oral Surgeons (oralsurgeons)dentists,Orthodontists (orthodontists)dentists,Pediatric Dentists (pediatric_dentists)dentists,Periodontists (periodontists)health,Diagnostic Services (diagnosticservices)diagnosticservices,Diagnostic Imaging (diagnosticimaging)diagnosticservices,Laboratory Testing (laboratorytesting)health,Doctors (physicians)physicians,Allergists (allergist)physicians,Anesthesiologists (anesthesiologists)physicians,Audiologist (audiologist)physicians,Cardiologists (cardiology)physicians,Cosmetic Surgeons (cosmeticsurgeons)physicians,Dermatologists (dermatology)physicians,Ear Nose & Throat (earnosethroat)physicians,Family Practice (familydr)physicians,Fertility (fertility)physicians,Gastroenterologist (gastroenterologist)physicians,Gerontologists (gerontologist)physicians,Internal Medicine (internalmed)physicians,Naturopathic/Holistic (naturopathic)physicians,Neurologist (neurologist)physicians,Obstetricians & Gynecologists (obgyn)physicians,Oncologist (oncologist)physicians,Ophthalmologists (opthamalogists)physicians,Orthopedists (orthopedists)physicians,Osteopathic Physicians (osteopathicphysicians)physicians,Pediatricians (pediatricians)physicians,Podiatrists (podiatrists)physicians,Proctologists (proctologist)physicians,Psychiatrists (psychiatrists)physicians,Pulmonologist (pulmonologist)physicians,Sports Medicine (sportsmed)physicians,Tattoo Removal (tattooremoval)physicians,Urologists (urologists)health,Doulas (doulas)health,Emergency Rooms (emergencyrooms)health,Hearing Aid Providers (hearingaidproviders)health,Home Health Care (homehealthcare)health,Hospice (hospice)health,Hospitals (hospitals)health,Hypnosis/Hypnotherapy (hypnosis)health,Lactation Services (lactationservices)health,Laser Eye Surgery/Lasik (laserlasikeyes)health,Lice Services (liceservices)health,Massage Therapy (massage_therapy)health,Medical Centers (medcenters)health,Medical Spas (medicalspa)health,Medical Transportation (medicaltransportation)health,Midwives (midwives)health,Nutritionists (nutritionists)health,Occupational Therapy (occupationaltherapy)health,Optometrists (optometrists)health,Physical Therapy (physicaltherapy)health,Reflexology (reflexology)health,Rehabilitation Center (rehabilitation_center)health,Reiki (reiki)health,Retirement Homes (retirement_homes)health,Speech Therapists (speech_therapists)health,Traditional Chinese Medicine (tcm)health,Urgent Care (urgent_care)health,Weight Loss Centers (weightlosscenters),Home Services (homeservices)homeservices,Building Supplies (buildingsupplies)homeservices,Cabinetry (cabinetry)homeservices,Carpet Installation (carpetinstallation)homeservices,Carpeting (carpeting)homeservices,Chimney Sweeps (chimneysweeps)homeservices,Contractors (contractors)homeservices,Damage Restoration (damagerestoration)homeservices,Door Sales/Installation (doorsales)homeservices,Drywall Installation & Repair (drywall)homeservices,Electricians (electricians)homeservices,Fences & Gates (fencesgates)homeservices,Flooring (flooring)homeservices,Garage Door Services (garage_door_services)homeservices,Gardeners (gardeners)homeservices,Glass & Mirrors (glassandmirrors)homeservices,Gutter Services (gutterservices)homeservices,Handyman (handyman)homeservices,Heating & Air Conditioning/HVAC (hvac)homeservices,Home Cleaning (homecleaning)homeservices,Home Inspectors (home_inspectors)homeservices,Home Organization (home_organization)homeservices,Home Theatre Installation (hometheatreinstallation)homeservices,Home Window Tinting (homewindowtinting)homeservices,Interior Design (interiordesign)homeservices,Internet Service Providers (isps)homeservices,Irrigation (irrigation)homeservices,Keys & Locksmiths (locksmiths)homeservices,Landscape Architects (landscapearchitects)homeservices,Landscaping (landscaping)homeservices,Lighting Fixtures & Equipment (lighting)homeservices,Masonry/Concrete (masonry_concrete)homeservices,Movers (movers)homeservices,Painters (painters)homeservices,Plumbing (plumbing)homeservices,Pool Cleaners (poolcleaners)homeservices,Pressure Washers (pressurewashers)homeservices,Real Estate (realestate)realestate,Apartments (apartments)realestate,Commercial Real Estate (commercialrealestate)realestate,Home Staging (homestaging)realestate,Mortgage Brokers (mortgagebrokers)realestate,Property Management (propertymgmt)realestate,Real Estate Agents (realestateagents)realestate,Real Estate Services (realestatesvcs)realestate,Shared Office Spaces (sharedofficespaces)realestate,University Housing (university_housing)homeservices,Roofing (roofing)homeservices,Security Systems (securitysystems)homeservices,Shades & Blinds (blinds)homeservices,Solar Installation (solarinstallation)homeservices,Structural Engineers (structuralengineers)homeservices,Television Service Providers (televisionserviceproviders)homeservices,Tree Services (treeservices)homeservices,Utilities (utilities)homeservices,Window Washing (windowwashing)homeservices,Windows Installation (windowsinstallation),Hotels & Travel (hotelstravel)hotelstravel,Airports (airports)hotelstravel,Bed & Breakfast (bedbreakfast)hotelstravel,Campgrounds (campgrounds)hotelstravel,Car Rental (carrental)hotelstravel,Guest Houses (guesthouses)hotelstravel,Health Retreats (healthretreats)hotelstravel,Hostels (hostels)hotelstravel,Hotels (hotels)hotelstravel,Motorcycle Rental (motorcycle_rental)hotelstravel,RV Parks (rvparks)hotelstravel,RV Rental (rvrental)hotelstravel,Resorts (resorts)hotelstravel,Ski Resorts (skiresorts)hotelstravel,Tours (tours)hotelstravel,Train Stations (trainstations)hotelstravel,Transportation (transport)transport,Airlines (airlines)transport,Airport Shuttles (airport_shuttles)transport,Limos (limos)transport,Public Transportation (publictransport)transport,Taxis (taxis)hotelstravel,Travel Services (travelservices)hotelstravel,Vacation Rental Agents (vacationrentalagents)hotelstravel,Vacation Rentals (vacation_rentals),Local Flavor (localflavor)localflavor,Yelp Events (yelpevents),Local Services (localservices)localservices,Appliances & Repair (homeappliancerepair)localservices,Bail Bondsmen (bailbondsmen)localservices,Bike Repair/Maintenance (bike_repair_maintenance)localservices,Carpet Cleaning (carpet_cleaning)localservices,Child Care & Day Care (childcare)localservices,Community Service/Non-Profit (nonprofit)localservices,Couriers & Delivery Services (couriers)localservices,Dry Cleaning & Laundry (drycleaninglaundry)localservices,Electronics Repair (electronicsrepair)localservices,Funeral Services & Cemeteries (funeralservices)localservices,Furniture Reupholstery (reupholstery)localservices,IT Services & Computer Repair (itservices)itservices,Data Recovery (datarecovery)itservices,Mobile Phone Repair (mobilephonerepair)itservices,Telecommunications (telecommunications)localservices,Jewelry Repair (jewelryrepair)localservices,Junk Removal & Hauling (junkremovalandhauling)localservices,Metal Fabricators (metalfabricators)localservices,Nanny Services (nannys)localservices,Notaries (notaries)localservices,Pest Control (pest_control)localservices,Printing Services (copyshops)localservices,Propane (propane)localservices,Recording & Rehearsal Studios (recording_studios)localservices,Recycling Center (recyclingcenter)localservices,Screen Printing (screenprinting)localservices,Screen Printing/T-Shirt Printing (screen_printing_tshirt_printing)localservices,Self Storage (selfstorage)localservices,Sewing & Alterations (sewingalterations)localservices,Shipping Centers (shipping_centers)localservices,Shoe Repair (shoerepair)localservices,Snow Removal (snowremoval)localservices,Watch Repair (watch_repair),Mass Media (massmedia)massmedia,Print Media (printmedia)massmedia,Radio Stations (radiostations)massmedia,Television Stations (televisionstations),Nightlife (nightlife)nightlife,Adult Entertainment (adultentertainment)nightlife,Bars (bars)bars,Champagne Bars (champagne_bars)bars,Cocktail Bars (cocktailbars)bars,Dive Bars (divebars)bars,Gay Bars (gaybars)bars,Hookah Bars (hookah_bars)bars,Lounges (lounges)bars,Pubs (pubs)bars,Sports Bars (sportsbars)bars,Wine Bars (wine_bars)nightlife,Comedy Clubs (comedyclubs)nightlife,Country Dance Halls (countrydancehalls)nightlife,Dance Clubs (danceclubs)nightlife,Jazz & Blues (jazzandblues)nightlife,Karaoke (karaoke)nightlife,Music Venues (musicvenues)nightlife,Piano Bars (pianobars)nightlife,Pool Halls (poolhalls),Pets (pets)pets,Animal Shelters (animalshelters)pets,Horse Boarding (horse_boarding)pets,Pet Adoption (petadoption)pets,Pet Services (petservices)petservices,Aquarium Services (aquariumservices)petservices,Dog Walkers (dogwalkers)petservices,Pet Boarding/Pet Sitting (pet_sitting)petservices,Pet Groomers (groomer)petservices,Pet Training (pet_training)pets,Pet Stores (petstore)pets,Veterinarians (vet),Professional Services (professional)professional,Accountants (accountants)professional,Advertising (advertising)professional,Architects (architects)professional,Boat Repair (boatrepair)professional,Career Counseling (careercounseling)professional,Editorial Services (editorialservices)professional,Employment Agencies (employmentagencies)professional,Graphic Design (graphicdesign)professional,Internet Service Providers (isps)professional,Lawyers (lawyers)lawyers,Bankruptcy Law (bankruptcy)lawyers,Business Law (businesslawyers)lawyers,Criminal Defense Law (criminaldefense)lawyers,DUI Law (duilawyers)lawyers,Divorce & Family Law (divorce)lawyers,Employment Law (employmentlawyers)lawyers,Estate Planning Law (estateplanning)lawyers,General Litigation (general_litigation)lawyers,Immigration Law (immigrationlawyers)lawyers,Personal Injury Law (personal_injury)lawyers,Real Estate Law (realestatelawyers)lawyers,Tax Law (taxlaw)professional,Legal Services (legalservices)professional,Life Coach (lifecoach)professional,Marketing (marketing)professional,Matchmakers (matchmakers)professional,Office Cleaning (officecleaning)professional,Payroll Services (payroll)professional,Personal Assistants (personalassistants)professional,Private Investigation (privateinvestigation)professional,Public Relations (publicrelations)professional,Signmaking (signmaking)professional,Talent Agencies (talentagencies)professional,Taxidermy (taxidermy)professional,Translation Services (translationservices)professional,Video/Film Production (videofilmproductions)professional,Web Design (web_design),Public Services & Government (publicservicesgovt)publicservicesgovt,Courthouses (courthouses)publicservicesgovt,Departments of Motor Vehicles (departmentsofmotorvehicles)publicservicesgovt,Embassy (embassy)publicservicesgovt,Fire Departments (firedepartments)publicservicesgovt,Landmarks & Historical Buildings (landmarks)publicservicesgovt,Libraries (libraries)publicservicesgovt,Police Departments (policedepartments)publicservicesgovt,Post Offices (postoffices)publicservicesgovt,Real Estate (realestate)publicservicesgovt,Apartments (apartments)publicservicesgovt,Commercial Real Estate (commercialrealestate)publicservicesgovt,Home Staging (homestaging)publicservicesgovt,Mortgage Brokers (mortgagebrokers)publicservicesgovt,Property Management (propertymgmt),Real Estate Agents (realestateagents)realestate,Real Estate Services (realestatesvcs)realestate,Shared Office Spaces (sharedofficespaces)realestate,University Housing (university_housing),Religious Organizations (religiousorgs)religiousorgs,Buddhist Temples (buddhist_temples)religiousorgs,Churches (churches)religiousorgs,Hindu Temples (hindu_temples)religiousorgs,Mosques (mosques)religiousorgs,Synagogues (synagogues),Shopping (shopping)shopping,Adult (adult)shopping,Antiques (antiques)shopping,Art Galleries (galleries)shopping,Arts & Crafts (artsandcrafts)artsandcrafts,Art Supplies (artsupplies)artsandcrafts,Cards & Stationery (stationery)artsandcrafts,Costumes (costumes)artsandcrafts,Embroidery & Crochet (embroideryandcrochet)artsandcrafts,Fabric Stores (fabricstores)artsandcrafts,Framing (framing)shopping,Auction Houses (auctionhouses)shopping,Baby Gear & Furniture (baby_gear)shopping,Bespoke Clothing (bespoke)shopping,"Books, Mags, Music & Video (media)"media,Bookstores (bookstores)media,Comic Books (comicbooks)media,Music & DVDs (musicvideo)media,Newspapers & Magazines (mags)media,Videos & Video Game Rental (videoandgames)media,Vinyl Records (vinyl_records)shopping,Brewing Supplies (brewingsupplies)shopping,Bridal (bridal)shopping,Computers (computers)shopping,Cosmetics & Beauty Supply (cosmetics)shopping,Department Stores (deptstores)shopping,Discount Store (discountstore)shopping,Drugstores (drugstores)shopping,Electronics (electronics)shopping,Eyewear & Opticians (opticians)shopping,Fashion (fashion)fashion,Accessories (accessories)fashion,Children's Clothing (childcloth)fashion,Department Stores (deptstores)fashion,Formal Wear (formalwear)fashion,Hats (hats)fashion,Leather Goods (leather)fashion,Lingerie (lingerie)fashion,Maternity Wear (maternity)fashion,Men's Clothing (menscloth)fashion,Plus Size Fashion (plus_size_fashion)fashion,Shoe Stores (shoes)fashion,Sports Wear (sportswear)fashion,Surf Shop (surfshop)fashion,Swimwear (swimwear)fashion,"Used, Vintage & Consignment (vintage)"fashion,Women's Clothing (womenscloth)shopping,Fireworks (fireworks)shopping,Flea Markets (fleamarkets)shopping,Flowers & Gifts (flowers)flowers,Cards & Stationery (stationery)flowers,Florists (florists)flowers,Gift Shops (giftshops)shopping,Gold Buyers (goldbuyers)shopping,Golf Equipment Shops (golfshops)shopping,Guns & Ammo (guns_and_ammo)shopping,Hobby Shops (hobbyshops)shopping,Home & Garden (homeandgarden)homeandgarden,Appliances (appliances)homeandgarden,Furniture Stores (furniture)homeandgarden,Hardware Stores (hardware)homeandgarden,Home Decor (homedecor)homeandgarden,Hot Tub & Pool (hottubandpool)homeandgarden,Kitchen & Bath (kitchenandbath)homeandgarden,Mattresses (mattresses)homeandgarden,Nurseries & Gardening (gardening)homeandgarden,Rugs (rugs)shopping,Jewelry (jewelry)shopping,Knitting Supplies (knittingsupplies)shopping,Luggage (luggage)shopping,Medical Supplies (medicalsupplies)shopping,Mobile Phones (mobilephones)shopping,Motorcycle Gear (motorcyclinggear)shopping,Musical Instruments & Teachers (musicalinstrumentsandteachers)shopping,Office Equipment (officeequipment)shopping,Outlet Stores (outlet_stores)shopping,Pawn Shops (pawn)shopping,Personal Shopping (personal_shopping)shopping,Photography Stores & Services (photographystores)shopping,Pool & Billiards (poolbilliards)shopping,Pop-up Shops (popupshops)shopping,Shopping Centers (shoppingcenters)shopping,Sporting Goods (sportgoods)sportgoods,Bikes (bikes)sportgoods,Golf Equipment (golfequipment)sportgoods,Outdoor Gear (outdoorgear)sportgoods,Sports Wear (sportswear)shopping,Thrift Stores (thrift_stores)shopping,Tobacco Shops (tobaccoshops)shopping,Toy Stores (toys)shopping,Trophy Shops (trophyshops)shopping,Uniforms (uniforms)shopping,Watches (watches)shopping,Wholesale Stores (wholesale_stores)shopping,Wigs (wigs)